username|n
sergopamboukian|397
sthefaniellen|242
medresetzzehra2|226
sam_oputa|210
magdurubilisim|202
unicorntcc|174
antondepierro|163
anasotnass|138
derkrost1|129
indigndeverdad|122
lellopinto|114
samuel_kalubi|112
prestigenews|111
maytinfin|101
alecianco98|100
cnbkrtl|97
kiyomichiyeko|94
hedayetulislam_|93
realnewsworld_|92
imtaejinist|88
popdacoreia|88
fmalchemist|87
bilashcosta|85
whamatron|78
ale79friul|76
ilariadantona|74
bluewolf_ofc|73
fernand01345508|73
junootheo|73
mountainchen4|73
polscorr|73
coucoumar|72
jessenovels|70
kaylie44585284|70
onegirl13429454|68
nialltookme|67
angelicfusion|66
minne_miraaa|66
richardfantin|66
replaydario|65
mertgulercom|64
protestas2020|64
wahyu139|64
1799shoes_lagos|63
de_fretta|62
itsfvzw|62
subicon|62
danielgdiniro|61
kwakublessed|61
riseup314|61
biancab79686199|60
jeonjksun|60
obkarla|60
faketrumpdon|59
clairefelicite2|58
felixglam|57
klowszz|57
olsalvatori|57
anamecheck|56
empressmish13|56
hiilaalcc|56
imbabyrat|56
monstertesla|56
