bigram|n
dcblackout blacklivesmatter|615
blacklivesmatter dcblackout|455
dcblackout protests|349
dcblackout dcsafe|340
dcblackout anonymous|324
anonymous dcblackout|195
white house|195
protests dcblackout|194
vidasnegrasimportam blacklivesmatter|194
protests blacklivesmatter|172
fake news|165
blacklivesmatter georgefloyd|151
dcblackout bunkerboy|147
washington dc|146
dcblackout georgefloyd|140
stay safe|138
dc dcblackout|133
dcblackout vidasnegrasimportam|126
protesters dcblackout|124
georgefloyd dcblackout|122
blacklivesmatter vidasnegrasimportam|121
dcblackout anonymus|117
protests georgefloyd|115
dcsafe dcblackout|112
blacklivesmatter protests|111
bunkerboy dcblackout|110
dcblackout dcprotests|109
dcblackout usaonfire|103
dcblackout whitehouse|102
vidasnegrasimportam dcblackout|100
anonymous blacklivesmatter|98
georgefloyd blacklivesmatter|94
blacklivesmatter blacklivesmatter|91
dcblackout bunkertrump|87
dcblackout dcblackout|87
dcprotests dcblackout|84
sta succedendo|84
dcblackout bunkerdon|80
usaonfire dcblackout|80
dcblackout donaldtrump|78
safe dcblackout|78
blacklivesmatter anonymous|76
protestors dcblackout|76
anonymous protests|73
anonymus dcblackout|72
dcblackout trending|72
dcblackout blakelivesmatter|70
whats happening|70
dcblackout dcprotest|68
quello che|67
che sta|66
casa branca|65
dcblackout pride|61
t√° acontecendo|61
